n_trees,score
5,0.18837658678636218
6,0.18843245460979396
7,0.18848992573306944
8,0.1883906112405833
9,0.18830558660007507
10,0.188670438562298
